od_index,od_pair,space,time,state
0,(0, 1),,[0, 1],[0, 6],[8, 7]
1,(0, 2),,[0, 2],[0, 4],[8, 5]
2,(0, 3),,[0, 2, 3],[0, 4, 8],[8, 5, 2]
3,(0, 4),,[0, 2, 3, 4],[0, 4, 8, 10],[8, 5, 2, 1]
4,(0, 5),,[0, 1, 5],[0, 6, 11],[8, 7, 4]
5,(0, 6),,[0, 1, 5, 7, 6],[0, 6, 11, 13, 16],[8, 7, 4, 3, 0]
6,(0, 7),,[0, 1, 5, 7],[0, 6, 11, 13],[8, 7, 4, 3]
7,(0, 8),,[0, 2, 3, 4, 8],[0, 4, 8, 10, 15],[8, 5, 4.8, 3.8, 1.7999999999999998]
8,(0, 9),,[0, 2, 3, 4, 8, 9],[0, 4, 8, 10, 15, 18],[8, 5, 4.8, 5.199999999999999, 3.1999999999999993, 1.1999999999999993]
9,(0, 10),,[0, 2, 11, 10],[0, 4, 8, 14],[8, 5, 3, 0]
10,(0, 11),,[0, 2, 11],[0, 4, 8],[8, 5, 3]
11,(0, 12),,[0, 2, 11, 12],[0, 4, 8, 11],[8, 5, 3, 2]
12,(0, 13),,[0, 2, 11, 10, 13],[0, 4, 8, 14, 18],[8, 5, 5.8, 2.8, 0.7999999999999998]
13,(0, 14),,[0, 2, 3, 4, 8, 9, 14],[0, 4, 8, 10, 15, 18, 24],[8, 5, 4.8, 5.199999999999999, 3.1999999999999993, 3.299999999999999, 0.29999999999999893]
14,(0, 15),,[0, 1, 5, 7, 15],[0, 6, 11, 13, 18],[8, 7, 4, 3, 1]
15,(0, 16),,[0, 1, 5, 7, 15, 16],[0, 6, 11, 13, 18, 20],[8, 7, 7.5, 6.5, 4.5, 2.5]
16,(0, 17),,[0, 1, 5, 7, 6, 17],[0, 6, 11, 13, 16, 18],[8, 7, 7.5, 6.5, 3.5, 1.5]
17,(0, 18),,[0, 1, 5, 7, 15, 16, 18],[0, 6, 11, 13, 18, 20, 22],[8, 7, 7.5, 6.5, 4.5, 2.5, 0.5]
18,(0, 19),,[0, 1, 5, 7, 6, 17, 19],[0, 6, 11, 13, 16, 18, 22],[8, 7, 7.5, 6.5, 3.5, 2.9, 0.8999999999999999]
19,(0, 20),,[0, 2, 11, 12, 23, 20],[0, 4, 8, 11, 15, 18],[8, 5, 5.8, 4.8, 2.8, 1.7999999999999998]
20,(0, 21),,[0, 2, 11, 12, 23, 20, 21],[0, 4, 8, 11, 15, 18, 20],[8, 5, 5.8, 4.8, 2.8, 1.7999999999999998, 0.7999999999999998]
21,(0, 22),,[0, 2, 11, 12, 23, 22],[0, 4, 8, 11, 15, 17],[8, 5, 5.8, 4.8, 2.8, 0.7999999999999998]
22,(0, 23),,[0, 2, 11, 12, 23],[0, 4, 8, 11, 15],[8, 5, 3, 2, 0]
23,(1, 0),,[1, 0],[0, 6],[8, 7]
24,(1, 2),,[1, 0, 2],[0, 6, 10],[8, 7, 4]
25,(1, 3),,[1, 5, 4, 3],[0, 5, 9, 11],[8, 5, 4, 3]
26,(1, 4),,[1, 5, 4],[0, 5, 9],[8, 5, 4]
27,(1, 5),,[1, 5],[0, 5],[8, 5]
28,(1, 6),,[1, 5, 7, 6],[0, 5, 7, 10],[8, 5, 4, 1]
29,(1, 7),,[1, 5, 7],[0, 5, 7],[8, 5, 4]
30,(1, 8),,[1, 5, 4, 8],[0, 5, 9, 14],[8, 5, 4, 2]
31,(1, 9),,[1, 5, 7, 15, 9],[0, 5, 7, 12, 16],[8, 5, 4, 2, 0]
32,(1, 10),,[1, 5, 4, 3, 10],[0, 5, 9, 11, 17],[8, 5, 4, 3, 0]
33,(1, 11),,[1, 0, 2, 11],[0, 6, 10, 14],[8, 7, 4, 2]
34,(1, 12),,[1, 0, 2, 11, 12],[0, 6, 10, 14, 17],[8, 7, 4, 2, 1]
35,(1, 13),,[1, 5, 4, 3, 10, 13],[0, 5, 9, 11, 17, 21],[8, 8, 7, 6, 3, 1]
36,(1, 14),,[1, 5, 7, 15, 16, 18, 14],[0, 5, 7, 12, 14, 16, 19],[8, 8, 7, 5, 3, 1, 0]
37,(1, 15),,[1, 5, 7, 15],[0, 5, 7, 12],[8, 5, 4, 2]
38,(1, 16),,[1, 5, 7, 15, 16],[0, 5, 7, 12, 14],[8, 5, 4, 2, 0]
39,(1, 17),,[1, 5, 7, 6, 17],[0, 5, 7, 10, 12],[8, 5, 4, 3.0999999999999996, 1.0999999999999996]
40,(1, 18),,[1, 5, 7, 15, 16, 18],[0, 5, 7, 12, 14, 16],[8, 8, 7, 5, 3, 1]
41,(1, 19),,[1, 5, 7, 6, 17, 19],[0, 5, 7, 10, 12, 16],[8, 8, 7, 4, 2, 0]
42,(1, 20),,[1, 5, 7, 6, 17, 19, 20],[0, 5, 7, 10, 12, 16, 22],[8, 8, 7, 6.1, 5.5, 3.5, 2.5]
43,(1, 21),,[1, 5, 7, 6, 17, 19, 21],[0, 5, 7, 10, 12, 16, 21],[8, 8, 7, 6.1, 4.1, 2.0999999999999996, 0.09999999999999964]
44,(1, 22),,[1, 5, 4, 3, 10, 13, 22],[0, 5, 9, 11, 17, 21, 25],[8, 8, 7, 7.4, 4.4, 2.4000000000000004, 0.40000000000000036]
45,(1, 23),,[1, 0, 2, 11, 12, 23],[0, 6, 10, 14, 17, 21],[8, 7, 4, 4.8, 3.8, 1.7999999999999998]
46,(2, 0),,[2, 0],[0, 4],[8, 6]
47,(2, 1),,[2, 0, 1],[0, 4, 10],[8, 6, 5]
48,(2, 3),,[2, 3],[0, 4],[8, 5]
49,(2, 4),,[2, 3, 4],[0, 4, 6],[8, 5, 4]
50,(2, 5),,[2, 3, 4, 5],[0, 4, 6, 10],[8, 5, 4, 3]
51,(2, 6),,[2, 3, 4, 5, 7, 6],[0, 4, 6, 10, 12, 15],[8, 7.8, 6.8, 5.8, 4.8, 1.7999999999999998]
52,(2, 7),,[2, 3, 4, 5, 7],[0, 4, 6, 10, 12],[8, 5, 4, 3, 2]
53,(2, 8),,[2, 3, 4, 8],[0, 4, 6, 11],[8, 5, 4, 2]
54,(2, 9),,[2, 11, 10, 9],[0, 4, 10, 15],[8, 6, 3, 0]
55,(2, 10),,[2, 3, 10],[0, 4, 10],[8, 5, 2]
56,(2, 11),,[2, 11],[0, 4],[8, 6]
57,(2, 12),,[2, 11, 12],[0, 4, 7],[8, 6, 5]
58,(2, 13),,[2, 11, 10, 13],[0, 4, 10, 14],[8, 6, 3, 1]
59,(2, 14),,[2, 3, 4, 8, 9, 14],[0, 4, 6, 11, 14, 20],[8, 5, 5.4, 3.4000000000000004, 3.5, 0.5]
60,(2, 15),,[2, 3, 4, 5, 7, 15],[0, 4, 6, 10, 12, 17],[8, 5, 4, 3, 2, 0]
61,(2, 16),,[2, 3, 4, 8, 9, 15, 16],[0, 4, 6, 11, 14, 18, 20],[8, 5, 4, 2, 2.0999999999999996, 3.8999999999999995, 1.8999999999999995]
62,(2, 17),,[2, 3, 4, 5, 7, 6, 17],[0, 4, 6, 10, 12, 15, 17],[8, 5, 5.4, 4.4, 3.4000000000000004, 2.5, 0.5]
63,(2, 18),,[2, 11, 12, 23, 20, 21, 14, 18],[0, 4, 7, 11, 14, 16, 19, 22],[8, 8, 7, 5, 4, 3, 2.0999999999999996, 1.0999999999999996]
64,(2, 19),,[2, 11, 12, 23, 20, 19],[0, 4, 7, 11, 14, 20],[8, 6, 5, 3, 2, 1]
65,(2, 20),,[2, 11, 12, 23, 20],[0, 4, 7, 11, 14],[8, 6, 5, 3, 2]
66,(2, 21),,[2, 11, 12, 23, 20, 21],[0, 4, 7, 11, 14, 16],[8, 6, 5, 3, 2, 1]
67,(2, 22),,[2, 11, 12, 23, 22],[0, 4, 7, 11, 13],[8, 6, 5, 3, 1]
68,(2, 23),,[2, 11, 12, 23],[0, 4, 7, 11],[8, 6, 5, 3]
69,(3, 0),,[3, 2, 0],[0, 4, 8],[8, 5, 3]
70,(3, 1),,[3, 4, 5, 1],[0, 2, 6, 11],[8, 7, 6, 5]
71,(3, 2),,[3, 2],[0, 4],[8, 5]
72,(3, 4),,[3, 4],[0, 2],[8, 7]
73,(3, 5),,[3, 4, 5],[0, 2, 6],[8, 7, 6]
74,(3, 6),,[3, 4, 5, 7, 6],[0, 2, 6, 8, 11],[8, 7, 6, 5, 2]
75,(3, 7),,[3, 4, 5, 7],[0, 2, 6, 8],[8, 7, 6, 5]
76,(3, 8),,[3, 4, 8],[0, 2, 7],[8, 7, 5]
77,(3, 9),,[3, 10, 9],[0, 6, 11],[8, 5, 2]
78,(3, 10),,[3, 10],[0, 6],[8, 5]
79,(3, 11),,[3, 2, 11],[0, 4, 8],[8, 5, 3]
80,(3, 12),,[3, 2, 11, 12],[0, 4, 8, 11],[8, 5, 3, 2]
81,(3, 13),,[3, 10, 13],[0, 6, 10],[8, 5, 3]
82,(3, 14),,[3, 4, 8, 9, 14],[0, 2, 7, 10, 16],[8, 7, 5, 3, 0]
83,(3, 15),,[3, 4, 5, 7, 15],[0, 2, 6, 8, 13],[8, 7, 6, 5, 3]
84,(3, 16),,[3, 4, 5, 7, 15, 16],[0, 2, 6, 8, 13, 15],[8, 7, 6, 5, 3, 1]
85,(3, 17),,[3, 4, 5, 7, 6, 17],[0, 2, 6, 8, 11, 13],[8, 7, 6, 5, 2, 0]
86,(3, 18),,[3, 4, 5, 7, 15, 16, 18],[0, 2, 6, 8, 13, 15, 17],[8, 8, 7, 6, 4, 2, 0]
87,(3, 19),,[3, 4, 5, 7, 6, 17, 19],[0, 2, 6, 8, 11, 13, 17],[8, 8, 7, 6, 3, 2.4, 0.3999999999999999]
88,(3, 20),,[3, 2, 11, 12, 23, 20],[0, 4, 8, 11, 15, 18],[8, 5, 5.8, 4.8, 2.8, 1.7999999999999998]
89,(3, 21),,[3, 4, 8, 9, 14, 21],[0, 2, 7, 10, 16, 19],[8, 7, 5, 5.1, 2.0999999999999996, 0.09999999999999964]
90,(3, 22),,[3, 10, 13, 22],[0, 6, 10, 14],[8, 5, 3, 1]
91,(3, 23),,[3, 2, 11, 12, 23],[0, 4, 8, 11, 15],[8, 5, 3, 2, 0]
92,(4, 0),,[4, 3, 2, 0],[0, 2, 6, 10],[8, 7, 4, 2]
93,(4, 1),,[4, 5, 1],[0, 4, 9],[8, 7, 6]
94,(4, 2),,[4, 3, 2],[0, 2, 6],[8, 7, 4]
95,(4, 3),,[4, 3],[0, 2],[8, 7]
96,(4, 5),,[4, 5],[0, 4],[8, 7]
97,(4, 6),,[4, 5, 7, 6],[0, 4, 6, 9],[8, 7, 6, 3]
98,(4, 7),,[4, 5, 7],[0, 4, 6],[8, 7, 6]
99,(4, 8),,[4, 8],[0, 5],[8, 6]
100,(4, 9),,[4, 8, 9],[0, 5, 8],[8, 6, 4]
101,(4, 10),,[4, 3, 10],[0, 2, 8],[8, 7, 4]
102,(4, 11),,[4, 3, 2, 11],[0, 2, 6, 10],[8, 7, 4, 2]
103,(4, 12),,[4, 3, 2, 11, 12],[0, 2, 6, 10, 13],[8, 7, 4, 2, 1]
104,(4, 13),,[4, 3, 10, 13],[0, 2, 8, 12],[8, 7, 4, 2]
105,(4, 14),,[4, 8, 9, 14],[0, 5, 8, 14],[8, 6, 4, 1]
106,(4, 15),,[4, 5, 7, 15],[0, 4, 6, 11],[8, 7, 6, 4]
107,(4, 16),,[4, 5, 7, 15, 16],[0, 4, 6, 11, 13],[8, 7, 6, 4, 2]
108,(4, 17),,[4, 5, 7, 6, 17],[0, 4, 6, 9, 11],[8, 7, 6, 3, 1]
109,(4, 18),,[4, 5, 7, 15, 16, 18],[0, 4, 6, 11, 13, 15],[8, 7, 6, 4, 2, 0]
110,(4, 19),,[4, 5, 7, 6, 17, 19],[0, 4, 6, 9, 11, 15],[8, 7, 6, 5.1, 3.0999999999999996, 1.0999999999999996]
111,(4, 20),,[4, 8, 9, 14, 21, 20],[0, 5, 8, 14, 17, 19],[8, 6, 6.1, 3.0999999999999996, 3.1999999999999993, 1.1999999999999993]
112,(4, 21),,[4, 8, 9, 14, 21],[0, 5, 8, 14, 17],[8, 6, 6.1, 3.0999999999999996, 1.0999999999999996]
113,(4, 22),,[4, 3, 10, 13, 22],[0, 2, 8, 12, 16],[8, 7, 4, 2, 0]
114,(4, 23),,[4, 3, 2, 11, 12, 23],[0, 2, 6, 10, 13, 17],[8, 8, 5, 3, 2, 0]
115,(5, 0),,[5, 1, 0],[0, 5, 11],[8, 7, 6]
116,(5, 1),,[5, 1],[0, 5],[8, 7]
117,(5, 2),,[5, 4, 3, 2],[0, 4, 6, 10],[8, 7, 6, 3]
118,(5, 3),,[5, 4, 3],[0, 4, 6],[8, 7, 6]
119,(5, 4),,[5, 4],[0, 4],[8, 7]
120,(5, 6),,[5, 7, 6],[0, 2, 5],[8, 7, 4]
121,(5, 7),,[5, 7],[0, 2],[8, 7]
122,(5, 8),,[5, 4, 8],[0, 4, 9],[8, 7, 5]
123,(5, 9),,[5, 7, 15, 9],[0, 2, 7, 11],[8, 7, 5, 3]
124,(5, 10),,[5, 4, 3, 10],[0, 4, 6, 12],[8, 7, 6, 3]
125,(5, 11),,[5, 4, 3, 2, 11],[0, 4, 6, 10, 14],[8, 7, 6, 3, 1]
126,(5, 12),,[5, 4, 3, 2, 11, 12],[0, 4, 6, 10, 14, 17],[8, 7, 6, 3, 1, 0]
127,(5, 13),,[5, 4, 3, 10, 13],[0, 4, 6, 12, 16],[8, 7, 6, 3, 1]
128,(5, 14),,[5, 7, 15, 16, 18, 14],[0, 2, 7, 9, 11, 14],[8, 7, 5, 3, 1, 0]
129,(5, 15),,[5, 7, 15],[0, 2, 7],[8, 7, 5]
130,(5, 16),,[5, 7, 15, 16],[0, 2, 7, 9],[8, 7, 5, 3]
131,(5, 17),,[5, 7, 6, 17],[0, 2, 5, 7],[8, 7, 4, 2]
132,(5, 18),,[5, 7, 15, 16, 18],[0, 2, 7, 9, 11],[8, 7, 5, 3, 1]
133,(5, 19),,[5, 7, 6, 17, 19],[0, 2, 5, 7, 11],[8, 7, 4, 2, 0]
134,(5, 20),,[5, 7, 6, 17, 19, 20],[0, 2, 5, 7, 11, 17],[8, 7, 6.1, 4.1, 2.0999999999999996, 1.0999999999999996]
135,(5, 21),,[5, 7, 6, 17, 19, 21],[0, 2, 5, 7, 11, 16],[8, 7, 6.1, 4.1, 2.0999999999999996, 0.09999999999999964]
136,(5, 22),,[5, 4, 3, 10, 13, 22],[0, 4, 6, 12, 16, 20],[8, 7, 7.4, 4.4, 2.4000000000000004, 0.40000000000000036]
137,(5, 23),,[5, 7, 6, 17, 19, 20, 23],[0, 2, 5, 7, 11, 17, 20],[8, 7, 6.1, 5.5, 3.5, 2.5, 1.5]
138,(6, 0),,[6, 7, 5, 1, 0],[0, 3, 5, 10, 16],[8, 6, 5, 4, 3]
139,(6, 1),,[6, 7, 5, 1],[0, 3, 5, 10],[8, 6, 5, 4]
140,(6, 2),,[6, 7, 5, 4, 3, 2],[0, 3, 5, 9, 11, 15],[8, 6, 5, 4, 3, 0]
141,(6, 3),,[6, 7, 5, 4, 3],[0, 3, 5, 9, 11],[8, 6, 5, 4, 3]
142,(6, 4),,[6, 7, 5, 4],[0, 3, 5, 9],[8, 6, 5, 4]
143,(6, 5),,[6, 7, 5],[0, 3, 5],[8, 6, 5]
144,(6, 7),,[6, 7],[0, 3],[8, 6]
145,(6, 8),,[6, 7, 8],[0, 3, 13],[8, 6, 5]
146,(6, 9),,[6, 17, 15, 9],[0, 2, 5, 9],[8, 6, 5, 3]
147,(6, 10),,[6, 17, 15, 9, 10],[0, 2, 5, 9, 14],[8, 6, 5, 3, 2]
148,(6, 11),,[6, 17, 15, 9, 10, 11],[0, 2, 5, 9, 14, 20],[8, 6, 5, 3, 2, 1]
149,(6, 12),,[6, 17, 19, 20, 23, 12],[0, 2, 6, 12, 15, 19],[8, 6, 4, 3, 2, 0]
150,(6, 13),,[6, 17, 15, 9, 10, 13],[0, 2, 5, 9, 14, 18],[8, 6, 5, 3, 2, 0]
151,(6, 14),,[6, 17, 15, 16, 18, 14],[0, 2, 5, 7, 9, 12],[8, 6, 5, 3, 1, 0]
152,(6, 15),,[6, 17, 15],[0, 2, 5],[8, 6, 5]
153,(6, 16),,[6, 17, 15, 16],[0, 2, 5, 7],[8, 6, 5, 3]
154,(6, 17),,[6, 17],[0, 2],[8, 6]
155,(6, 18),,[6, 17, 15, 16, 18],[0, 2, 5, 7, 9],[8, 6, 5, 3, 1]
156,(6, 19),,[6, 17, 19],[0, 2, 6],[8, 6, 4]
157,(6, 20),,[6, 17, 19, 20],[0, 2, 6, 12],[8, 6, 4, 3]
158,(6, 21),,[6, 17, 19, 21],[0, 2, 6, 11],[8, 6, 4, 2]
159,(6, 22),,[6, 17, 19, 21, 22],[0, 2, 6, 11, 15],[8, 6, 4, 2, 0]
160,(6, 23),,[6, 17, 19, 20, 23],[0, 2, 6, 12, 15],[8, 6, 4, 3, 2]
161,(7, 0),,[7, 5, 1, 0],[0, 2, 7, 13],[8, 7, 6, 5]
162,(7, 1),,[7, 5, 1],[0, 2, 7],[8, 7, 6]
163,(7, 2),,[7, 5, 4, 3, 2],[0, 2, 6, 8, 12],[8, 7, 6, 5, 2]
164,(7, 3),,[7, 5, 4, 3],[0, 2, 6, 8],[8, 7, 6, 5]
165,(7, 4),,[7, 5, 4],[0, 2, 6],[8, 7, 6]
166,(7, 5),,[7, 5],[0, 2],[8, 7]
167,(7, 6),,[7, 6],[0, 3],[8, 5]
168,(7, 8),,[7, 8],[0, 10],[8, 7]
169,(7, 9),,[7, 15, 9],[0, 5, 9],[8, 6, 4]
170,(7, 10),,[7, 5, 4, 3, 10],[0, 2, 6, 8, 14],[8, 7, 6, 5, 2]
171,(7, 11),,[7, 5, 4, 3, 2, 11],[0, 2, 6, 8, 12, 16],[8, 7, 6, 5, 2, 0]
172,(7, 12),,[7, 5, 4, 3, 2, 11, 12],[0, 2, 6, 8, 12, 16, 19],[8, 7, 6, 6.4, 3.4000000000000004, 1.4000000000000004, 0.40000000000000036]
173,(7, 13),,[7, 15, 9, 10, 13],[0, 5, 9, 14, 18],[8, 6, 4, 3, 1]
174,(7, 14),,[7, 15, 16, 18, 14],[0, 5, 7, 9, 12],[8, 6, 4, 2, 1]
175,(7, 15),,[7, 15],[0, 5],[8, 6]
176,(7, 16),,[7, 15, 16],[0, 5, 7],[8, 6, 4]
177,(7, 17),,[7, 6, 17],[0, 3, 5],[8, 5, 3]
178,(7, 18),,[7, 15, 16, 18],[0, 5, 7, 9],[8, 6, 4, 2]
179,(7, 19),,[7, 6, 17, 19],[0, 3, 5, 9],[8, 5, 3, 1]
180,(7, 20),,[7, 6, 17, 19, 20],[0, 3, 5, 9, 15],[8, 5, 3, 1, 0]
181,(7, 21),,[7, 6, 17, 19, 21],[0, 3, 5, 9, 14],[8, 5, 4.4, 2.4000000000000004, 0.40000000000000036]
182,(7, 22),,[7, 6, 17, 19, 21, 22],[0, 3, 5, 9, 14, 18],[8, 7.1, 6.5, 4.5, 2.5, 0.5]
183,(7, 23),,[7, 6, 17, 19, 20, 23],[0, 3, 5, 9, 15, 18],[8, 5, 4.4, 2.4000000000000004, 1.4000000000000004, 0.40000000000000036]
184,(8, 0),,[8, 4, 3, 2, 0],[0, 5, 7, 11, 15],[8, 5, 5.4, 2.4000000000000004, 0.40000000000000036]
185,(8, 1),,[8, 4, 5, 1],[0, 5, 9, 14],[8, 5, 4, 3]
186,(8, 2),,[8, 4, 3, 2],[0, 5, 7, 11],[8, 5, 4, 1]
187,(8, 3),,[8, 4, 3],[0, 5, 7],[8, 5, 4]
188,(8, 4),,[8, 4],[0, 5],[8, 5]
189,(8, 5),,[8, 4, 5],[0, 5, 9],[8, 5, 4]
190,(8, 6),,[8, 7, 6],[0, 10, 13],[8, 5, 2]
191,(8, 7),,[8, 7],[0, 10],[8, 5]
192,(8, 9),,[8, 9],[0, 3],[8, 6]
193,(8, 10),,[8, 9, 10],[0, 3, 8],[8, 6, 5]
194,(8, 11),,[8, 9, 10, 11],[0, 3, 8, 14],[8, 6, 5, 4]
195,(8, 12),,[8, 9, 10, 11, 12],[0, 3, 8, 14, 17],[8, 6, 5, 4, 3]
196,(8, 13),,[8, 9, 10, 13],[0, 3, 8, 12],[8, 6, 5, 3]
197,(8, 14),,[8, 9, 14],[0, 3, 9],[8, 6, 3]
198,(8, 15),,[8, 9, 15],[0, 3, 7],[8, 6, 5]
199,(8, 16),,[8, 9, 15, 16],[0, 3, 7, 9],[8, 6, 5, 3]
200,(8, 17),,[8, 9, 15, 17],[0, 3, 7, 10],[8, 6, 5, 3]
201,(8, 18),,[8, 9, 14, 18],[0, 3, 9, 12],[8, 6, 3, 2]
202,(8, 19),,[8, 9, 15, 17, 19],[0, 3, 7, 10, 14],[8, 6, 5, 3, 1]
203,(8, 20),,[8, 9, 14, 21, 20],[0, 3, 9, 12, 14],[8, 8, 5, 3, 1]
204,(8, 21),,[8, 9, 14, 21],[0, 3, 9, 12],[8, 6, 3, 1]
205,(8, 22),,[8, 9, 10, 13, 22],[0, 3, 8, 12, 16],[8, 6, 5, 3, 1]
206,(8, 23),,[8, 9, 10, 13, 22, 23],[0, 3, 8, 12, 16, 18],[8, 6, 5, 3, 1, 0]
207,(9, 0),,[9, 10, 3, 2, 0],[0, 5, 11, 15, 19],[8, 7, 6, 3, 1]
208,(9, 1),,[9, 15, 7, 5, 1],[0, 4, 9, 11, 16],[8, 7, 6, 5, 4]
209,(9, 2),,[9, 10, 3, 2],[0, 5, 11, 15],[8, 7, 6, 3]
210,(9, 3),,[9, 10, 3],[0, 5, 11],[8, 7, 6]
211,(9, 4),,[9, 8, 4],[0, 3, 8],[8, 5, 2]
212,(9, 5),,[9, 8, 4, 5],[0, 3, 8, 12],[8, 5, 2, 1]
213,(9, 6),,[9, 15, 17, 6],[0, 4, 7, 9],[8, 7, 5, 3]
214,(9, 7),,[9, 15, 7],[0, 4, 9],[8, 7, 6]
215,(9, 8),,[9, 8],[0, 3],[8, 5]
216,(9, 10),,[9, 10],[0, 5],[8, 7]
217,(9, 11),,[9, 10, 11],[0, 5, 11],[8, 7, 6]
218,(9, 12),,[9, 10, 11, 12],[0, 5, 11, 14],[8, 7, 6, 5]
219,(9, 13),,[9, 10, 13],[0, 5, 9],[8, 7, 5]
220,(9, 14),,[9, 14],[0, 6],[8, 5]
221,(9, 15),,[9, 15],[0, 4],[8, 7]
222,(9, 16),,[9, 15, 16],[0, 4, 6],[8, 7, 5]
223,(9, 17),,[9, 15, 17],[0, 4, 7],[8, 7, 5]
224,(9, 18),,[9, 15, 16, 18],[0, 4, 6, 8],[8, 7, 5, 3]
225,(9, 19),,[9, 15, 17, 19],[0, 4, 7, 11],[8, 7, 5, 3]
226,(9, 20),,[9, 14, 21, 20],[0, 6, 9, 11],[8, 5, 3, 1]
227,(9, 21),,[9, 14, 21],[0, 6, 9],[8, 5, 3]
228,(9, 22),,[9, 10, 13, 22],[0, 5, 9, 13],[8, 7, 5, 3]
229,(9, 23),,[9, 14, 21, 20, 23],[0, 6, 9, 11, 14],[8, 5, 3, 1, 0]
230,(10, 0),,[10, 3, 2, 0],[0, 6, 10, 14],[8, 7, 4, 2]
231,(10, 1),,[10, 3, 4, 5, 1],[0, 6, 8, 12, 17],[8, 7, 6, 5, 4]
232,(10, 2),,[10, 3, 2],[0, 6, 10],[8, 7, 4]
233,(10, 3),,[10, 3],[0, 6],[8, 7]
234,(10, 4),,[10, 3, 4],[0, 6, 8],[8, 7, 6]
235,(10, 5),,[10, 3, 4, 5],[0, 6, 8, 12],[8, 7, 6, 5]
236,(10, 6),,[10, 9, 15, 17, 6],[0, 5, 9, 12, 14],[8, 5, 4, 2, 0]
237,(10, 7),,[10, 9, 15, 7],[0, 5, 9, 14],[8, 5, 4, 3]
238,(10, 8),,[10, 9, 8],[0, 5, 8],[8, 5, 2]
239,(10, 9),,[10, 9],[0, 5],[8, 5]
240,(10, 11),,[10, 11],[0, 6],[8, 7]
241,(10, 12),,[10, 11, 12],[0, 6, 9],[8, 7, 6]
242,(10, 13),,[10, 13],[0, 4],[8, 6]
243,(10, 14),,[10, 13, 14],[0, 4, 9],[8, 6, 3]
244,(10, 15),,[10, 9, 15],[0, 5, 9],[8, 5, 4]
245,(10, 16),,[10, 9, 15, 16],[0, 5, 9, 11],[8, 5, 4, 2]
246,(10, 17),,[10, 9, 15, 17],[0, 5, 9, 12],[8, 5, 4, 2]
247,(10, 18),,[10, 13, 14, 18],[0, 4, 9, 12],[8, 6, 3, 2]
248,(10, 19),,[10, 9, 15, 17, 19],[0, 5, 9, 12, 16],[8, 5, 4, 2, 0]
249,(10, 20),,[10, 13, 22, 23, 20],[0, 4, 8, 10, 13],[8, 6, 4, 3, 2]
250,(10, 21),,[10, 13, 22, 21],[0, 4, 8, 12],[8, 6, 4, 1]
251,(10, 22),,[10, 13, 22],[0, 4, 8],[8, 6, 4]
252,(10, 23),,[10, 13, 22, 23],[0, 4, 8, 10],[8, 6, 4, 3]
253,(11, 0),,[11, 2, 0],[0, 4, 8],[8, 5, 3]
254,(11, 1),,[11, 2, 0, 1],[0, 4, 8, 14],[8, 5, 3, 2]
255,(11, 2),,[11, 2],[0, 4],[8, 5]
256,(11, 3),,[11, 2, 3],[0, 4, 8],[8, 5, 2]
257,(11, 4),,[11, 2, 3, 4],[0, 4, 8, 10],[8, 5, 2, 1]
258,(11, 5),,[11, 2, 3, 4, 5],[0, 4, 8, 10, 14],[8, 5, 2, 1, 0]
259,(11, 6),,[11, 2, 3, 4, 5, 7, 6],[0, 4, 8, 10, 14, 16, 19],[8, 5, 4.8, 5.199999999999999, 4.199999999999999, 3.1999999999999993, 0.1999999999999993]
260,(11, 7),,[11, 2, 3, 4, 5, 7],[0, 4, 8, 10, 14, 16],[8, 5, 2, 2.4, 1.4, 0.3999999999999999]
261,(11, 8),,[11, 2, 3, 4, 8],[0, 4, 8, 10, 15],[8, 5, 4.8, 3.8, 1.7999999999999998]
262,(11, 9),,[11, 10, 9],[0, 6, 11],[8, 5, 2]
263,(11, 10),,[11, 10],[0, 6],[8, 5]
264,(11, 12),,[11, 12],[0, 3],[8, 7]
265,(11, 13),,[11, 10, 13],[0, 6, 10],[8, 5, 3]
266,(11, 14),,[11, 10, 13, 14],[0, 6, 10, 15],[8, 5, 3, 0]
267,(11, 15),,[11, 10, 9, 15],[0, 6, 11, 15],[8, 5, 2, 1]
268,(11, 16),,[11, 10, 9, 15, 16],[0, 6, 11, 15, 17],[8, 5, 2, 3.8, 1.7999999999999998]
269,(11, 17),,[11, 10, 9, 15, 17],[0, 6, 11, 15, 18],[8, 5, 2, 3.8, 1.7999999999999998]
270,(11, 18),,[11, 12, 23, 20, 21, 14, 18],[0, 3, 7, 10, 12, 15, 18],[8, 7, 5, 4, 3, 2.0999999999999996, 1.0999999999999996]
271,(11, 19),,[11, 12, 23, 20, 19],[0, 3, 7, 10, 16],[8, 7, 5, 4, 3]
272,(11, 20),,[11, 12, 23, 20],[0, 3, 7, 10],[8, 7, 5, 4]
273,(11, 21),,[11, 12, 23, 22, 21],[0, 3, 7, 9, 13],[8, 7, 5, 3, 0]
274,(11, 22),,[11, 12, 23, 22],[0, 3, 7, 9],[8, 7, 5, 3]
275,(11, 23),,[11, 12, 23],[0, 3, 7],[8, 7, 5]
276,(12, 0),,[12, 11, 2, 0],[0, 3, 7, 11],[8, 5, 2, 0]
277,(12, 1),,[12, 11, 2, 0, 1],[0, 3, 7, 11, 17],[8, 7.1, 4.1, 2.0999999999999996, 1.0999999999999996]
278,(12, 2),,[12, 11, 2],[0, 3, 7],[8, 5, 2]
279,(12, 3),,[12, 11, 2, 3],[0, 3, 7, 11],[8, 7.1, 4.1, 1.0999999999999996]
280,(12, 4),,[12, 11, 2, 3, 4],[0, 3, 7, 11, 13],[8, 7.1, 4.1, 1.0999999999999996, 0.09999999999999964]
281,(12, 5),,[12, 11, 2, 3, 4, 5],[0, 3, 7, 11, 13, 17],[8, 7.1, 4.1, 1.0999999999999996, 1.4999999999999996, 0.49999999999999956]
282,(12, 6),,[12, 23, 20, 19, 17, 6],[0, 4, 7, 13, 17, 19],[8, 6, 5, 4, 2, 0]
283,(12, 7),,[12, 11, 2, 3, 4, 5, 7],[0, 3, 7, 11, 13, 17, 19],[8, 7.1, 4.1, 3.8999999999999995, 2.8999999999999995, 1.8999999999999995, 0.8999999999999995]
284,(12, 8),,[12, 11, 2, 3, 4, 8],[0, 3, 7, 11, 13, 18],[8, 7.1, 4.1, 3.8999999999999995, 2.8999999999999995, 0.8999999999999995]
285,(12, 9),,[12, 11, 10, 9],[0, 3, 9, 14],[8, 7.1, 4.1, 1.0999999999999996]
286,(12, 10),,[12, 11, 10],[0, 3, 9],[8, 5, 2]
287,(12, 11),,[12, 11],[0, 3],[8, 5]
288,(12, 13),,[12, 23, 22, 13],[0, 4, 6, 10],[8, 6, 4, 3]
289,(12, 14),,[12, 23, 20, 21, 14],[0, 4, 7, 9, 12],[8, 6, 5, 4, 1]
290,(12, 15),,[12, 11, 10, 9, 15],[0, 3, 9, 14, 18],[8, 7.1, 4.1, 1.0999999999999996, 0.09999999999999964]
291,(12, 16),,[12, 23, 20, 21, 14, 18, 16],[0, 4, 7, 9, 12, 15, 17],[8, 6, 5, 4, 3.0999999999999996, 2.0999999999999996, 0.09999999999999964]
292,(12, 17),,[12, 23, 20, 19, 17],[0, 4, 7, 13, 17],[8, 6, 5, 4, 2]
293,(12, 18),,[12, 23, 20, 21, 14, 18],[0, 4, 7, 9, 12, 15],[8, 6, 5, 4, 1, 0]
294,(12, 19),,[12, 23, 20, 19],[0, 4, 7, 13],[8, 6, 5, 4]
295,(12, 20),,[12, 23, 20],[0, 4, 7],[8, 6, 5]
296,(12, 21),,[12, 23, 20, 21],[0, 4, 7, 9],[8, 6, 5, 4]
297,(12, 22),,[12, 23, 22],[0, 4, 6],[8, 6, 4]
298,(12, 23),,[12, 23],[0, 4],[8, 6]
299,(13, 0),,[13, 10, 3, 2, 0],[0, 4, 10, 14, 18],[8, 6, 5, 2, 0]
300,(13, 1),,[13, 10, 3, 4, 5, 1],[0, 4, 10, 12, 16, 21],[8, 6, 5, 4, 3, 2]
301,(13, 2),,[13, 10, 3, 2],[0, 4, 10, 14],[8, 6, 5, 2]
302,(13, 3),,[13, 10, 3],[0, 4, 10],[8, 6, 5]
303,(13, 4),,[13, 10, 3, 4],[0, 4, 10, 12],[8, 6, 5, 4]
304,(13, 5),,[13, 10, 3, 4, 5],[0, 4, 10, 12, 16],[8, 6, 5, 4, 3]
305,(13, 6),,[13, 10, 9, 15, 17, 6],[0, 4, 9, 13, 16, 18],[8, 6, 3, 4.8, 2.8, 0.7999999999999998]
306,(13, 7),,[13, 14, 18, 16, 15, 7],[0, 5, 8, 10, 12, 17],[8, 5, 4, 2, 1, 0]
307,(13, 8),,[13, 10, 9, 8],[0, 4, 9, 12],[8, 6, 3, 0]
308,(13, 9),,[13, 10, 9],[0, 4, 9],[8, 6, 3]
309,(13, 10),,[13, 10],[0, 4],[8, 6]
310,(13, 11),,[13, 10, 11],[0, 4, 10],[8, 6, 5]
311,(13, 12),,[13, 22, 23, 12],[0, 4, 6, 10],[8, 6, 5, 3]
312,(13, 14),,[13, 14],[0, 5],[8, 5]
313,(13, 15),,[13, 10, 9, 15],[0, 4, 9, 13],[8, 6, 3, 2]
314,(13, 16),,[13, 14, 18, 16],[0, 5, 8, 10],[8, 5, 4, 2]
315,(13, 17),,[13, 14, 18, 19, 17],[0, 5, 8, 12, 16],[8, 5, 4, 3, 1]
316,(13, 18),,[13, 14, 18],[0, 5, 8],[8, 5, 4]
317,(13, 19),,[13, 14, 18, 19],[0, 5, 8, 12],[8, 5, 4, 3]
318,(13, 20),,[13, 22, 23, 20],[0, 4, 6, 9],[8, 6, 5, 4]
319,(13, 21),,[13, 22, 21],[0, 4, 8],[8, 6, 3]
320,(13, 22),,[13, 22],[0, 4],[8, 6]
321,(13, 23),,[13, 22, 23],[0, 4, 6],[8, 6, 5]
322,(14, 0),,[14, 18, 16, 15, 7, 5, 1, 0],[0, 3, 5, 7, 12, 14, 19, 25],[8, 7, 5, 4, 3, 2, 1, 0]
323,(14, 1),,[14, 18, 16, 15, 7, 5, 1],[0, 3, 5, 7, 12, 14, 19],[8, 7, 5, 4, 3, 2, 1]
324,(14, 2),,[14, 21, 20, 23, 12, 11, 2],[0, 3, 5, 8, 12, 15, 19],[8, 6, 5.4, 4.4, 5.2, 4.3, 1.2999999999999998]
325,(14, 3),,[14, 13, 10, 3],[0, 5, 9, 15],[8, 5, 3, 2]
326,(14, 4),,[14, 9, 8, 4],[0, 6, 9, 14],[8, 7, 4, 1]
327,(14, 5),,[14, 18, 16, 15, 7, 5],[0, 3, 5, 7, 12, 14],[8, 7, 5, 4, 3, 2]
328,(14, 6),,[14, 18, 16, 15, 17, 6],[0, 3, 5, 7, 10, 12],[8, 7, 5, 4, 2, 0]
329,(14, 7),,[14, 18, 16, 15, 7],[0, 3, 5, 7, 12],[8, 7, 5, 4, 3]
330,(14, 8),,[14, 9, 8],[0, 6, 9],[8, 7, 4]
331,(14, 9),,[14, 9],[0, 6],[8, 7]
332,(14, 10),,[14, 13, 10],[0, 5, 9],[8, 5, 3]
333,(14, 11),,[14, 13, 10, 11],[0, 5, 9, 15],[8, 5, 3, 2]
334,(14, 12),,[14, 21, 20, 23, 12],[0, 3, 5, 8, 12],[8, 6, 4, 3, 1]
335,(14, 13),,[14, 13],[0, 5],[8, 5]
336,(14, 15),,[14, 18, 16, 15],[0, 3, 5, 7],[8, 7, 5, 4]
337,(14, 16),,[14, 18, 16],[0, 3, 5],[8, 7, 5]
338,(14, 17),,[14, 18, 16, 15, 17],[0, 3, 5, 7, 10],[8, 7, 5, 4, 2]
339,(14, 18),,[14, 18],[0, 3],[8, 7]
340,(14, 19),,[14, 18, 19],[0, 3, 7],[8, 7, 6]
341,(14, 20),,[14, 21, 20],[0, 3, 5],[8, 6, 4]
342,(14, 21),,[14, 21],[0, 3],[8, 6]
343,(14, 22),,[14, 21, 22],[0, 3, 7],[8, 6, 4]
344,(14, 23),,[14, 21, 20, 23],[0, 3, 5, 8],[8, 6, 4, 3]
345,(15, 0),,[15, 7, 5, 1, 0],[0, 5, 7, 12, 18],[8, 7, 6, 5, 4]
346,(15, 1),,[15, 7, 5, 1],[0, 5, 7, 12],[8, 7, 6, 5]
347,(15, 2),,[15, 7, 5, 4, 3, 2],[0, 5, 7, 11, 13, 17],[8, 7, 6, 5, 4, 1]
348,(15, 3),,[15, 7, 5, 4, 3],[0, 5, 7, 11, 13],[8, 7, 6, 5, 4]
349,(15, 4),,[15, 7, 5, 4],[0, 5, 7, 11],[8, 7, 6, 5]
350,(15, 5),,[15, 7, 5],[0, 5, 7],[8, 7, 6]
351,(15, 6),,[15, 17, 6],[0, 3, 5],[8, 6, 4]
352,(15, 7),,[15, 7],[0, 5],[8, 7]
353,(15, 8),,[15, 9, 8],[0, 4, 7],[8, 6, 3]
354,(15, 9),,[15, 9],[0, 4],[8, 6]
355,(15, 10),,[15, 9, 10],[0, 4, 9],[8, 6, 5]
356,(15, 11),,[15, 9, 10, 11],[0, 4, 9, 15],[8, 6, 5, 4]
357,(15, 12),,[15, 9, 10, 11, 12],[0, 4, 9, 15, 18],[8, 6, 5, 4, 3]
358,(15, 13),,[15, 16, 18, 14, 13],[0, 2, 4, 7, 12],[8, 6, 4, 3, 0]
359,(15, 14),,[15, 16, 18, 14],[0, 2, 4, 7],[8, 6, 4, 3]
360,(15, 16),,[15, 16],[0, 2],[8, 6]
361,(15, 17),,[15, 17],[0, 3],[8, 6]
362,(15, 18),,[15, 16, 18],[0, 2, 4],[8, 6, 4]
363,(15, 19),,[15, 17, 19],[0, 3, 7],[8, 6, 4]
364,(15, 20),,[15, 17, 19, 20],[0, 3, 7, 13],[8, 6, 4, 3]
365,(15, 21),,[15, 16, 18, 14, 21],[0, 2, 4, 7, 10],[8, 6, 4, 3, 1]
366,(15, 22),,[15, 16, 18, 14, 21, 22],[0, 2, 4, 7, 10, 14],[8, 6, 4, 3, 3.0999999999999996, 1.0999999999999996]
367,(15, 23),,[15, 17, 19, 20, 23],[0, 3, 7, 13, 16],[8, 6, 4, 3, 2]
368,(16, 0),,[16, 15, 7, 5, 1, 0],[0, 2, 7, 9, 14, 20],[8, 7, 6, 5, 4, 3]
369,(16, 1),,[16, 15, 7, 5, 1],[0, 2, 7, 9, 14],[8, 7, 6, 5, 4]
370,(16, 2),,[16, 15, 7, 5, 4, 3, 2],[0, 2, 7, 9, 13, 15, 19],[8, 7, 6, 5, 4, 3, 0]
371,(16, 3),,[16, 15, 7, 5, 4, 3],[0, 2, 7, 9, 13, 15],[8, 7, 6, 5, 4, 3]
372,(16, 4),,[16, 15, 7, 5, 4],[0, 2, 7, 9, 13],[8, 7, 6, 5, 4]
373,(16, 5),,[16, 15, 7, 5],[0, 2, 7, 9],[8, 7, 6, 5]
374,(16, 6),,[16, 15, 17, 6],[0, 2, 5, 7],[8, 7, 5, 3]
375,(16, 7),,[16, 15, 7],[0, 2, 7],[8, 7, 6]
376,(16, 8),,[16, 15, 9, 8],[0, 2, 6, 9],[8, 7, 5, 2]
377,(16, 9),,[16, 15, 9],[0, 2, 6],[8, 7, 5]
378,(16, 10),,[16, 15, 9, 10],[0, 2, 6, 11],[8, 7, 5, 4]
379,(16, 11),,[16, 15, 9, 10, 11],[0, 2, 6, 11, 17],[8, 7, 5, 4, 3]
380,(16, 12),,[16, 18, 14, 21, 20, 23, 12],[0, 2, 5, 8, 10, 13, 17],[8, 6, 5, 5.1, 3.0999999999999996, 2.0999999999999996, 0.09999999999999964]
381,(16, 13),,[16, 18, 14, 13],[0, 2, 5, 10],[8, 6, 5, 2]
382,(16, 14),,[16, 18, 14],[0, 2, 5],[8, 6, 5]
383,(16, 15),,[16, 15],[0, 2],[8, 7]
384,(16, 17),,[16, 15, 17],[0, 2, 5],[8, 7, 5]
385,(16, 18),,[16, 18],[0, 2],[8, 6]
386,(16, 19),,[16, 18, 19],[0, 2, 6],[8, 6, 5]
387,(16, 20),,[16, 18, 14, 21, 20],[0, 2, 5, 8, 10],[8, 6, 5, 3, 1]
388,(16, 21),,[16, 18, 14, 21],[0, 2, 5, 8],[8, 6, 5, 3]
389,(16, 22),,[16, 18, 14, 21, 22],[0, 2, 5, 8, 12],[8, 6, 5, 3, 1]
390,(16, 23),,[16, 18, 14, 21, 20, 23],[0, 2, 5, 8, 10, 13],[8, 6, 5, 3, 1, 0]
391,(17, 0),,[17, 6, 7, 5, 1, 0],[0, 2, 5, 7, 12, 18],[8, 6, 4, 3, 2, 1]
392,(17, 1),,[17, 6, 7, 5, 1],[0, 2, 5, 7, 12],[8, 6, 4, 3, 2]
393,(17, 2),,[17, 6, 7, 5, 4, 3, 2],[0, 2, 5, 7, 11, 13, 17],[8, 7.4, 5.4, 4.4, 3.4000000000000004, 3.8000000000000003, 0.8000000000000003]
394,(17, 3),,[17, 6, 7, 5, 4, 3],[0, 2, 5, 7, 11, 13],[8, 6, 4, 3, 2, 1]
395,(17, 4),,[17, 6, 7, 5, 4],[0, 2, 5, 7, 11],[8, 6, 4, 3, 2]
396,(17, 5),,[17, 6, 7, 5],[0, 2, 5, 7],[8, 6, 4, 3]
397,(17, 6),,[17, 6],[0, 2],[8, 6]
398,(17, 7),,[17, 6, 7],[0, 2, 5],[8, 6, 4]
399,(17, 8),,[17, 15, 9, 8],[0, 3, 7, 10],[8, 7, 5, 2]
400,(17, 9),,[17, 15, 9],[0, 3, 7],[8, 7, 5]
401,(17, 10),,[17, 15, 9, 10],[0, 3, 7, 12],[8, 7, 5, 4]
402,(17, 11),,[17, 15, 9, 10, 11],[0, 3, 7, 12, 18],[8, 7, 5, 4, 3]
403,(17, 12),,[17, 19, 20, 23, 12],[0, 4, 10, 13, 17],[8, 6, 5, 4, 2]
404,(17, 13),,[17, 15, 9, 10, 13],[0, 3, 7, 12, 16],[8, 7, 5, 4, 2]
405,(17, 14),,[17, 15, 16, 18, 14],[0, 3, 5, 7, 10],[8, 7, 5, 3, 2]
406,(17, 15),,[17, 15],[0, 3],[8, 7]
407,(17, 16),,[17, 15, 16],[0, 3, 5],[8, 7, 5]
408,(17, 18),,[17, 15, 16, 18],[0, 3, 5, 7],[8, 7, 5, 3]
409,(17, 19),,[17, 19],[0, 4],[8, 6]
410,(17, 20),,[17, 19, 20],[0, 4, 10],[8, 6, 5]
411,(17, 21),,[17, 19, 21],[0, 4, 9],[8, 6, 4]
412,(17, 22),,[17, 19, 21, 22],[0, 4, 9, 13],[8, 6, 4, 2]
413,(17, 23),,[17, 19, 20, 23],[0, 4, 10, 13],[8, 6, 5, 4]
414,(18, 0),,[18, 16, 15, 7, 5, 1, 0],[0, 2, 4, 9, 11, 16, 22],[8, 6, 5, 4, 3, 2, 1]
415,(18, 1),,[18, 16, 15, 7, 5, 1],[0, 2, 4, 9, 11, 16],[8, 6, 5, 4, 3, 2]
416,(18, 2),,[18, 14, 21, 20, 23, 12, 11, 2],[0, 3, 6, 8, 11, 15, 18, 22],[8, 7, 7.1, 5.1, 4.1, 4.8999999999999995, 3.999999999999999, 0.9999999999999991]
417,(18, 3),,[18, 14, 13, 10, 3],[0, 3, 8, 12, 18],[8, 7, 4, 2, 1]
418,(18, 4),,[18, 16, 15, 7, 5, 4],[0, 2, 4, 9, 11, 15],[8, 6, 5, 4, 3, 2]
419,(18, 5),,[18, 16, 15, 7, 5],[0, 2, 4, 9, 11],[8, 6, 5, 4, 3]
420,(18, 6),,[18, 16, 15, 17, 6],[0, 2, 4, 7, 9],[8, 6, 5, 3, 1]
421,(18, 7),,[18, 16, 15, 7],[0, 2, 4, 9],[8, 6, 5, 4]
422,(18, 8),,[18, 16, 15, 9, 8],[0, 2, 4, 8, 11],[8, 6, 5, 3, 0]
423,(18, 9),,[18, 16, 15, 9],[0, 2, 4, 8],[8, 6, 5, 3]
424,(18, 10),,[18, 16, 15, 9, 10],[0, 2, 4, 8, 13],[8, 6, 5, 3, 2]
425,(18, 11),,[18, 14, 13, 10, 11],[0, 3, 8, 12, 18],[8, 7, 4, 2, 1]
426,(18, 12),,[18, 14, 21, 20, 23, 12],[0, 3, 6, 8, 11, 15],[8, 7, 5, 3, 2, 0]
427,(18, 13),,[18, 14, 13],[0, 3, 8],[8, 7, 4]
428,(18, 14),,[18, 14],[0, 3],[8, 7]
429,(18, 15),,[18, 16, 15],[0, 2, 4],[8, 6, 5]
430,(18, 16),,[18, 16],[0, 2],[8, 6]
431,(18, 17),,[18, 16, 15, 17],[0, 2, 4, 7],[8, 6, 5, 3]
432,(18, 19),,[18, 19],[0, 4],[8, 7]
433,(18, 20),,[18, 14, 21, 20],[0, 3, 6, 8],[8, 7, 5, 3]
434,(18, 21),,[18, 14, 21],[0, 3, 6],[8, 7, 5]
435,(18, 22),,[18, 14, 21, 22],[0, 3, 6, 10],[8, 7, 5, 3]
436,(18, 23),,[18, 14, 21, 20, 23],[0, 3, 6, 8, 11],[8, 7, 5, 3, 2]
437,(19, 0),,[19, 17, 6, 7, 5, 1, 0],[0, 4, 6, 9, 11, 16, 22],[8, 8, 6, 4, 3, 2, 1]
438,(19, 1),,[19, 17, 6, 7, 5, 1],[0, 4, 6, 9, 11, 16],[8, 6, 4, 2, 1, 0]
439,(19, 2),,[19, 20, 23, 12, 11, 2],[0, 6, 9, 13, 16, 20],[8, 7, 6, 4, 3.0999999999999996, 0.09999999999999964]
440,(19, 3),,[19, 17, 6, 7, 5, 4, 3],[0, 4, 6, 9, 11, 15, 17],[8, 8, 6, 4, 3, 2, 1]
441,(19, 4),,[19, 17, 6, 7, 5, 4],[0, 4, 6, 9, 11, 15],[8, 6, 4, 2, 1, 0]
442,(19, 5),,[19, 17, 6, 7, 5],[0, 4, 6, 9, 11],[8, 6, 4, 2, 1]
443,(19, 6),,[19, 17, 6],[0, 4, 6],[8, 6, 4]
444,(19, 7),,[19, 17, 6, 7],[0, 4, 6, 9],[8, 6, 4, 2]
445,(19, 8),,[19, 17, 15, 9, 8],[0, 4, 7, 11, 14],[8, 6, 5, 3, 0]
446,(19, 9),,[19, 17, 15, 9],[0, 4, 7, 11],[8, 6, 5, 3]
447,(19, 10),,[19, 17, 15, 9, 10],[0, 4, 7, 11, 16],[8, 6, 5, 3, 2]
448,(19, 11),,[19, 20, 23, 12, 11],[0, 6, 9, 13, 16],[8, 7, 6, 4, 1]
449,(19, 12),,[19, 20, 23, 12],[0, 6, 9, 13],[8, 7, 6, 4]
450,(19, 13),,[19, 18, 14, 13],[0, 4, 7, 12],[8, 5, 4, 1]
451,(19, 14),,[19, 18, 14],[0, 4, 7],[8, 5, 4]
452,(19, 15),,[19, 17, 15],[0, 4, 7],[8, 6, 5]
453,(19, 16),,[19, 18, 16],[0, 4, 6],[8, 5, 3]
454,(19, 17),,[19, 17],[0, 4],[8, 6]
455,(19, 18),,[19, 18],[0, 4],[8, 5]
456,(19, 20),,[19, 20],[0, 6],[8, 7]
457,(19, 21),,[19, 21],[0, 5],[8, 6]
458,(19, 22),,[19, 21, 22],[0, 5, 9],[8, 6, 4]
459,(19, 23),,[19, 20, 23],[0, 6, 9],[8, 7, 6]
460,(20, 0),,[20, 23, 12, 11, 2, 0],[0, 3, 7, 10, 14, 18],[8, 7, 7.8, 6.8999999999999995, 3.8999999999999995, 1.8999999999999995]
461,(20, 1),,[20, 19, 17, 6, 7, 5, 1],[0, 6, 10, 12, 15, 17, 22],[8, 7, 7.8, 5.8, 3.8, 2.8, 1.7999999999999998]
462,(20, 2),,[20, 23, 12, 11, 2],[0, 3, 7, 10, 14],[8, 7, 5, 4.1, 1.0999999999999996]
463,(20, 3),,[20, 23, 22, 13, 10, 3],[0, 3, 5, 9, 13, 19],[8, 7, 5, 4, 2, 1]
464,(20, 4),,[20, 23, 12, 11, 2, 3, 4],[0, 3, 7, 10, 14, 18, 20],[8, 7, 7.8, 6.8999999999999995, 3.8999999999999995, 3.6999999999999993, 2.6999999999999993]
465,(20, 5),,[20, 19, 17, 6, 7, 5],[0, 6, 10, 12, 15, 17],[8, 7, 5, 3, 1, 0]
466,(20, 6),,[20, 19, 17, 6],[0, 6, 10, 12],[8, 7, 5, 3]
467,(20, 7),,[20, 19, 17, 6, 7],[0, 6, 10, 12, 15],[8, 7, 5, 3, 1]
468,(20, 8),,[20, 21, 14, 9, 8],[0, 2, 5, 11, 14],[8, 7, 4, 3, 0]
469,(20, 9),,[20, 21, 14, 9],[0, 2, 5, 11],[8, 7, 4, 3]
470,(20, 10),,[20, 23, 22, 13, 10],[0, 3, 5, 9, 13],[8, 7, 5, 4, 2]
471,(20, 11),,[20, 23, 12, 11],[0, 3, 7, 10],[8, 7, 5, 2]
472,(20, 12),,[20, 23, 12],[0, 3, 7],[8, 7, 5]
473,(20, 13),,[20, 23, 22, 13],[0, 3, 5, 9],[8, 7, 5, 4]
474,(20, 14),,[20, 21, 14],[0, 2, 5],[8, 7, 4]
475,(20, 15),,[20, 21, 14, 18, 16, 15],[0, 2, 5, 8, 10, 12],[8, 7, 4, 3, 1, 0]
476,(20, 16),,[20, 21, 14, 18, 16],[0, 2, 5, 8, 10],[8, 7, 4, 3, 1]
477,(20, 17),,[20, 19, 17],[0, 6, 10],[8, 7, 5]
478,(20, 18),,[20, 21, 14, 18],[0, 2, 5, 8],[8, 7, 4, 3]
479,(20, 19),,[20, 19],[0, 6],[8, 7]
480,(20, 21),,[20, 21],[0, 2],[8, 7]
481,(20, 22),,[20, 23, 22],[0, 3, 5],[8, 7, 5]
482,(20, 23),,[20, 23],[0, 3],[8, 7]
483,(21, 0),,[21, 20, 23, 12, 11, 2, 0],[0, 2, 5, 9, 12, 16, 20],[8, 7.4, 6.4, 7.2, 6.3, 3.3, 1.2999999999999998]
484,(21, 1),,[21, 19, 17, 6, 7, 5, 1],[0, 5, 9, 11, 14, 16, 21],[8, 6, 6.8, 4.8, 2.8, 1.7999999999999998, 0.7999999999999998]
485,(21, 2),,[21, 20, 23, 12, 11, 2],[0, 2, 5, 9, 12, 16],[8, 7.4, 6.4, 4.4, 3.5, 0.5]
486,(21, 3),,[21, 22, 13, 10, 3],[0, 4, 8, 12, 18],[8, 6, 5, 3, 2]
487,(21, 4),,[21, 14, 9, 8, 4],[0, 3, 9, 12, 17],[8, 7.1, 6.1, 3.0999999999999996, 0.09999999999999964]
488,(21, 5),,[21, 19, 17, 6, 7, 5],[0, 5, 9, 11, 14, 16],[8, 6, 4, 3.4, 1.4, 0.3999999999999999]
489,(21, 6),,[21, 19, 17, 6],[0, 5, 9, 11],[8, 6, 4, 2]
490,(21, 7),,[21, 14, 18, 16, 15, 7],[0, 3, 6, 8, 10, 15],[8, 5, 4, 2, 1, 0]
491,(21, 8),,[21, 14, 9, 8],[0, 3, 9, 12],[8, 5, 4, 1]
492,(21, 9),,[21, 14, 9],[0, 3, 9],[8, 5, 4]
493,(21, 10),,[21, 22, 13, 10],[0, 4, 8, 12],[8, 6, 5, 3]
494,(21, 11),,[21, 20, 23, 12, 11],[0, 2, 5, 9, 12],[8, 6, 5, 3, 0]
495,(21, 12),,[21, 20, 23, 12],[0, 2, 5, 9],[8, 6, 5, 3]
496,(21, 13),,[21, 14, 13],[0, 3, 8],[8, 5, 2]
497,(21, 14),,[21, 14],[0, 3],[8, 5]
498,(21, 15),,[21, 14, 18, 16, 15],[0, 3, 6, 8, 10],[8, 5, 4, 2, 1]
499,(21, 16),,[21, 14, 18, 16],[0, 3, 6, 8],[8, 5, 4, 2]
500,(21, 17),,[21, 19, 17],[0, 5, 9],[8, 6, 4]
501,(21, 18),,[21, 14, 18],[0, 3, 6],[8, 5, 4]
502,(21, 19),,[21, 19],[0, 5],[8, 6]
503,(21, 20),,[21, 20],[0, 2],[8, 6]
504,(21, 22),,[21, 22],[0, 4],[8, 6]
505,(21, 23),,[21, 20, 23],[0, 2, 5],[8, 6, 5]
506,(22, 0),,[22, 23, 12, 11, 2, 0],[0, 2, 6, 9, 13, 17],[8, 7, 7.8, 6.8999999999999995, 3.8999999999999995, 1.8999999999999995]
507,(22, 1),,[22, 13, 10, 3, 4, 5, 1],[0, 4, 8, 14, 16, 20, 25],[8, 7, 5, 4, 3, 2, 1]
508,(22, 2),,[22, 23, 12, 11, 2],[0, 2, 6, 9, 13],[8, 7, 5, 4.1, 1.0999999999999996]
509,(22, 3),,[22, 13, 10, 3],[0, 4, 8, 14],[8, 7, 5, 4]
510,(22, 4),,[22, 13, 10, 3, 4],[0, 4, 8, 14, 16],[8, 7, 5, 4, 3]
511,(22, 5),,[22, 13, 10, 3, 4, 5],[0, 4, 8, 14, 16, 20],[8, 7, 5, 4, 3, 2]
512,(22, 6),,[22, 21, 19, 17, 6],[0, 4, 9, 13, 15],[8, 5, 3, 3.8, 1.7999999999999998]
513,(22, 7),,[22, 21, 19, 17, 6, 7],[0, 4, 9, 13, 15, 18],[8, 5, 3, 3.8, 3.1999999999999997, 1.1999999999999997]
514,(22, 8),,[22, 21, 14, 9, 8],[0, 4, 7, 13, 16],[8, 5, 4.1, 3.0999999999999996, 0.09999999999999964]
515,(22, 9),,[22, 21, 14, 9],[0, 4, 7, 13],[8, 5, 2, 1]
516,(22, 10),,[22, 13, 10],[0, 4, 8],[8, 7, 5]
517,(22, 11),,[22, 23, 12, 11],[0, 2, 6, 9],[8, 7, 5, 2]
518,(22, 12),,[22, 23, 12],[0, 2, 6],[8, 7, 5]
519,(22, 13),,[22, 13],[0, 4],[8, 7]
520,(22, 14),,[22, 21, 14],[0, 4, 7],[8, 5, 2]
521,(22, 15),,[22, 21, 14, 18, 16, 15],[0, 4, 7, 10, 12, 14],[8, 5, 4.1, 3.0999999999999996, 1.0999999999999996, 0.09999999999999964]
522,(22, 16),,[22, 21, 14, 18, 16],[0, 4, 7, 10, 12],[8, 5, 4.1, 3.0999999999999996, 1.0999999999999996]
523,(22, 17),,[22, 21, 19, 17],[0, 4, 9, 13],[8, 5, 3, 1]
524,(22, 18),,[22, 21, 14, 18],[0, 4, 7, 10],[8, 5, 2, 1]
525,(22, 19),,[22, 21, 19],[0, 4, 9],[8, 5, 3]
526,(22, 20),,[22, 23, 20],[0, 2, 5],[8, 7, 6]
527,(22, 21),,[22, 21],[0, 4],[8, 5]
528,(22, 23),,[22, 23],[0, 2],[8, 7]
529,(23, 0),,[23, 12, 11, 2, 0],[0, 4, 7, 11, 15],[8, 6, 5.1, 2.0999999999999996, 0.09999999999999964]
530,(23, 1),,[23, 12, 11, 2, 0, 1],[0, 4, 7, 11, 15, 21],[8, 8, 7.1, 4.1, 2.0999999999999996, 1.0999999999999996]
531,(23, 2),,[23, 12, 11, 2],[0, 4, 7, 11],[8, 6, 3, 0]
532,(23, 3),,[23, 22, 13, 10, 3],[0, 2, 6, 10, 16],[8, 6, 5, 3, 2]
533,(23, 4),,[23, 22, 13, 10, 3, 4],[0, 2, 6, 10, 16, 18],[8, 6, 5, 3, 2, 1]
534,(23, 5),,[23, 22, 13, 10, 3, 4, 5],[0, 2, 6, 10, 16, 18, 22],[8, 6, 5, 3, 2, 1, 0]
535,(23, 6),,[23, 20, 19, 17, 6],[0, 3, 9, 13, 15],[8, 7, 6, 4, 2]
536,(23, 7),,[23, 20, 19, 17, 6, 7],[0, 3, 9, 13, 15, 18],[8, 7, 6, 4, 2, 0]
537,(23, 8),,[23, 20, 21, 14, 9, 8],[0, 3, 5, 8, 14, 17],[8, 7, 6, 5.1, 4.1, 1.0999999999999996]
538,(23, 9),,[23, 20, 21, 14, 9],[0, 3, 5, 8, 14],[8, 7, 6, 3, 2]
539,(23, 10),,[23, 22, 13, 10],[0, 2, 6, 10],[8, 6, 5, 3]
540,(23, 11),,[23, 12, 11],[0, 4, 7],[8, 6, 3]
541,(23, 12),,[23, 12],[0, 4],[8, 6]
542,(23, 13),,[23, 22, 13],[0, 2, 6],[8, 6, 5]
543,(23, 14),,[23, 20, 21, 14],[0, 3, 5, 8],[8, 7, 6, 3]
544,(23, 15),,[23, 20, 19, 17, 15],[0, 3, 9, 13, 16],[8, 7, 6, 4, 3]
545,(23, 16),,[23, 20, 21, 14, 18, 16],[0, 3, 5, 8, 11, 13],[8, 7, 6, 3, 2, 0]
546,(23, 17),,[23, 20, 19, 17],[0, 3, 9, 13],[8, 7, 6, 4]
547,(23, 18),,[23, 20, 21, 14, 18],[0, 3, 5, 8, 11],[8, 7, 6, 3, 2]
548,(23, 19),,[23, 20, 19],[0, 3, 9],[8, 7, 6]
549,(23, 20),,[23, 20],[0, 3],[8, 7]
550,(23, 21),,[23, 20, 21],[0, 3, 5],[8, 7, 6]
551,(23, 22),,[23, 22],[0, 2],[8, 6]
